"material","sample","date","laboratory","site","stratigraphy","artefact","part","decoration","LOI","CaO","Fe2O3","TiO2","K2O","SiO2","Al2O3","MgO","MnO","P2O5","Zr","Sr","Rb","Zn","Cr","Ni","La","Ba","V","Ce","Y","Cu","phase"
"1","céramique","BDX15032","2012-03-08","ArAr (UMR 5138)","Mas de Moreno (Foz-Calanda, Teruel, Spain)","12212","storage jar","rim",FALSE,13.15,13.92,4.53,0.964,1.79,53.68,19.69,3.3,0.0391,0.15,0.0243,0.0699,0.009,0.0054,0.008,0.0034,0.0088,0.0455,0.0109,0.0177,0.004,0.0024,1
"2","céramique","BDX15033","2012-03-08","ArAr (UMR 5138)","Mas de Moreno (Foz-Calanda, Teruel, Spain)","12212","storage jar","rim",FALSE,14.87,15.15,4.45,0.949,1.76,53.45,19.22,3.2,0.0368,0.18,0.0245,0.08,0.0087,0.0054,0.0083,0.0026,0.0094,0.0669,0.0093,0.0148,0.004,0.0025,1
"3","céramique","BDX15034","2012-03-09","ArAr (UMR 5138)","Mas de Moreno (Foz-Calanda, Teruel, Spain)","12212","storage jar","body",FALSE,13.31,17.58,4.18,0.995,2.1,51.62,19.04,3.68,0.0454,0.18,0.025,0.0678,0.0113,0.007,0.0087,0.0034,0.0083,0.0561,0.0127,0.019,0.0104,0.0023,1
"4","céramique","BDX15035","2012-03-09","ArAr (UMR 5138)","Mas de Moreno (Foz-Calanda, Teruel, Spain)","12212","storage jar","body",FALSE,12.98,15.16,4.37,0.944,1.79,52.94,19.21,3.18,0.0386,0.18,0.0241,0.073,0.0089,0.0052,0.0087,0.0035,0.0093,0.0577,0.0094,0.0155,0.0041,0.0026,1
"5","céramique","BDX15036","2012-03-09","ArAr (UMR 5138)","Mas de Moreno (Foz-Calanda, Teruel, Spain)","12212","storage jar","rim",FALSE,13.76,15.87,5.22,0.98,1.68,50,19.99,4.36,0.0429,0.17,0.0214,0.0553,0.0087,0.0058,0.0093,0.0031,0.0046,0.0482,0.0121,0.0104,0.0034,0.002,1
"6","céramique","BDX15037","2012-03-09","ArAr (UMR 5138)","Mas de Moreno (Foz-Calanda, Teruel, Spain)","12212","storage jar","rim",FALSE,6.76,16.38,4.96,1.013,1.77,49.64,21.14,3.29,0.04,0.17,0.0218,0.0603,0.0096,0.0055,0.0089,0.0028,0.0072,0.0507,0.0095,0.0065,0.003,0.0022,1
"7","céramique","BDX15038","2012-03-09","ArAr (UMR 5138)","Mas de Moreno (Foz-Calanda, Teruel, Spain)","12212","jar","rim",FALSE,7.78,15.15,4.15,0.976,1.82,52.72,19.97,3.71,0.0389,0.16,0.0242,0.0613,0.0103,0.0055,0.0087,0.0027,0.0079,0.0492,0.0091,0.0193,0.0049,0.0025,1
"8","céramique","BDX15039","2012-03-09","ArAr (UMR 5138)","Mas de Moreno (Foz-Calanda, Teruel, Spain)","12212","cup","rim",TRUE,11.77,15.92,4.92,0.986,1.8,51.85,19.71,2.94,0.0395,0.17,0.0249,0.0781,0.0094,0.006,0.0086,0.0029,0.0057,0.0725,0.0096,0.013,0.0047,0.0026,1
"9","céramique","BDX15040","2012-03-09","ArAr (UMR 5138)","Mas de Moreno (Foz-Calanda, Teruel, Spain)","12212","lid","rim",TRUE,14.78,14.7,4.2,1.007,1.82,54.09,20.65,2.23,0.0347,0.17,0.0252,0.0811,0.009,0.0058,0.0083,0.0027,0.0092,0.0606,0.009,0.0207,0.004,0.0024,1
"10","céramique","BDX15041","2012-03-09","ArAr (UMR 5138)","Mas de Moreno (Foz-Calanda, Teruel, Spain)","12212","storage jar","body",TRUE,11.35,16.11,5.37,1,1.76,50.56,20.38,4.17,0.0416,0.15,0.0218,0.058,0.0094,0.0054,0.0083,0.0031,0.0024,0.0422,0.012,0.0094,0.0029,0.0017,1
"11","céramique","BDX15042","2012-03-09","ArAr (UMR 5138)","Mas de Moreno (Foz-Calanda, Teruel, Spain)","12212","lid","rim",TRUE,14.4,14.14,4.33,1.074,2.12,54,20.45,2.39,0.0383,0.19,0.0259,0.0897,0.0108,0.0076,0.009,0.0043,0.0075,0.0883,0.0134,0.0207,0.0134,0.0023,1
"12","céramique","BDX15043","2012-03-09","ArAr (UMR 5138)","Mas de Moreno (Foz-Calanda, Teruel, Spain)","12212","lid","rim",TRUE,14.79,14.39,4.32,1.053,2.06,52.94,20.19,2.39,0.0393,0.21,0.0251,0.0831,0.0106,0.0082,0.0088,0.0043,0.0078,0.0833,0.0124,0.0205,0.0128,0.0023,1
"13","céramique","BDX15044","2012-03-09","ArAr (UMR 5138)","Mas de Moreno (Foz-Calanda, Teruel, Spain)","12212","loom weight","body",FALSE,10.93,17.5,5.77,0.941,1.88,52.22,18.1,2.84,0.0444,0.13,0.024,0.0512,0.0098,0.0054,0.0079,0.0029,0.0039,0.0477,0.0123,0.0073,0.0031,0.002,1
"14","céramique","BDX15045","2012-03-09","ArAr (UMR 5138)","Mas de Moreno (Foz-Calanda, Teruel, Spain)","12212","loom weight","body",FALSE,10.8,19.14,4.54,0.89,1.54,52.34,16.76,3.91,0.0557,0.17,0.0249,0.0734,0.0078,0.0079,0.0077,0.0036,0.006,0.0575,0.0112,0.0141,0.0098,0.0026,1
"15","céramique","BDX15046","2012-03-10","ArAr (UMR 5138)","Mas de Moreno (Foz-Calanda, Teruel, Spain)","12212","cup","rim",FALSE,10.06,16.47,4.8,0.951,1.9,51.38,19.85,3.61,0.0446,0.18,0.0242,0.0679,0.0101,0.0059,0.0089,0.0026,0.008,0.0616,0.0103,0.0161,0.004,0.0033,1
"16","céramique","BDX15047","2012-03-10","ArAr (UMR 5138)","Mas de Moreno (Foz-Calanda, Teruel, Spain)","12212","cup","rim",TRUE,7.5,16.67,4.94,1.027,1.76,50.32,21.62,3.17,0.0399,0.17,0.0221,0.0617,0.0098,0.0053,0.0083,0.0026,0.0059,0.0576,0.0101,0.0105,0.0031,0.0026,1
"17","céramique","BDX15048","2012-03-10","ArAr (UMR 5138)","Mas de Moreno (Foz-Calanda, Teruel, Spain)","12212","cup","rim",TRUE,5.56,14.38,4.67,1.046,1.89,52.19,22.3,3.02,0.0405,0.18,0.0222,0.0512,0.0107,0.0055,0.0087,0.0027,0.0055,0.0482,0.0109,0.0096,0.0034,0.0021,1
"18","céramique","BDX15049","2012-03-12","ArAr (UMR 5138)","Mas de Moreno (Foz-Calanda, Teruel, Spain)","12212","cup","rim",TRUE,3.16,14.16,4.79,1.068,1.78,52.34,22.58,2.85,0.0379,0.16,0.0228,0.0382,0.0104,0.0052,0.0087,0.0027,0.0057,0.0326,0.0095,0.0109,0.0031,0.0025,1
"19","céramique","BDX15050","2012-03-12","ArAr (UMR 5138)","Mas de Moreno (Foz-Calanda, Teruel, Spain)","12212","cup","fond",TRUE,9.51,14.59,4.61,1.012,1.84,52.36,21.54,3.32,0.0357,0.17,0.0221,0.0689,0.0099,0.0058,0.0088,0.0028,0.0051,0.061,0.0098,0.0102,0.003,0.0018,1
"20","céramique","BDX15051","2012-03-12","ArAr (UMR 5138)","Mas de Moreno (Foz-Calanda, Teruel, Spain)","12212","cup","rim",FALSE,9.6,15.89,4.58,1.06,1.72,51.69,20.81,3.4,0.0374,0.14,0.0231,0.0643,0.0097,0.0051,0.0086,0.0018,0.0048,0.0576,0.0107,0.0088,0.0029,0.0018,1
"21","céramique","BDX15052","2012-03-12","ArAr (UMR 5138)","Mas de Moreno (Foz-Calanda, Teruel, Spain)","12212","cup","rim",TRUE,10.2,14.73,4,1.025,1.88,53.83,20.47,2.63,0.0366,0.16,0.0247,0.0651,0.0097,0.0054,0.0078,0.0024,0.0079,0.0537,0.0106,0.0197,0.0061,0.0023,1
"22","céramique","BDX15053","2012-03-12","ArAr (UMR 5138)","Mas de Moreno (Foz-Calanda, Teruel, Spain)","12212","cup","rim",FALSE,8.89,14.6,4.25,1.09,2.2,53.52,20.75,2.92,0.0455,0.21,0.0258,0.066,0.0128,0.0072,0.0097,0.0029,0.0066,0.0617,0.0155,0.0243,0.0145,0.0022,1
"23","céramique","BDX15054","2012-03-12","ArAr (UMR 5138)","Mas de Moreno (Foz-Calanda, Teruel, Spain)","12212","urn","rim",FALSE,17.76,14.34,4.91,0.954,1.85,50.41,21.31,5.36,0.0439,0.16,0.0205,0.0586,0.0099,0.0067,0.0082,0.003,0.0057,0.054,0.011,0.0117,0.0032,0.0028,1
"24","céramique","BDX15055","2012-03-12","ArAr (UMR 5138)","Mas de Moreno (Foz-Calanda, Teruel, Spain)","12212","cup","rim",FALSE,7.66,15.63,4.82,1.048,1.84,51.78,21.44,3.13,0.0389,0.17,0.0235,0.0554,0.0101,0.0053,0.0083,0.0022,0.0043,0.0517,0.01,0.0092,0.0031,0.0021,1
"25","céramique","BDX15056","2012-03-13","ArAr (UMR 5138)","Mas de Moreno (Foz-Calanda, Teruel, Spain)","12212","goblet","rim",FALSE,14.99,15.39,4.93,1.056,1.74,52.42,21.14,2.08,0.0309,0.16,0.0226,0.0826,0.0083,0.0062,0.0078,0.0038,0.0051,0.0643,0.0095,0.0095,0.0029,0.0022,1
"26","céramique","BDX15057","2012-03-13","ArAr (UMR 5138)","Mas de Moreno (Foz-Calanda, Teruel, Spain)","12212","urn","rim",FALSE,7.3,16.01,4.94,1.066,1.76,51.25,21.46,3.09,0.0385,0.18,0.0229,0.0598,0.0093,0.0056,0.0082,0.0032,0.0048,0.0581,0.0107,0.0095,0.0027,0.0021,1
"27","céramique","BDX15058","2012-03-13","ArAr (UMR 5138)","Mas de Moreno (Foz-Calanda, Teruel, Spain)","12212","storage jar","rim",FALSE,14.63,15.92,5.26,0.998,1.68,51.98,20.06,2.78,0.0408,0.16,0.0224,0.0882,0.0085,0.0059,0.0075,0.0027,0.0068,0.0762,0.0095,0.0084,0.0025,0.0019,1
"28","céramique","BDX15059","2012-03-13","ArAr (UMR 5138)","Mas de Moreno (Foz-Calanda, Teruel, Spain)","12212","cup","rim",FALSE,14.94,13.05,4.47,1.138,2.09,54.64,21.56,2.19,0.0318,0.19,0.0268,0.0848,0.0107,0.0077,0.0092,0.0041,0.0084,0.0803,0.0131,0.0208,0.0145,0.0029,1
"29","céramique","BDX15060","2012-03-13","ArAr (UMR 5138)","Mas de Moreno (Foz-Calanda, Teruel, Spain)","12212","cup","rim",FALSE,7.06,16.54,5.39,0.92,2.08,49.38,20.55,4.08,0.0499,0.18,0.0201,0.0544,0.0112,0.0072,0.0085,0.0044,0.0055,0.0501,0.0102,0.011,0.0031,0.0032,1
"30","céramique","BDX15061","2012-03-13","ArAr (UMR 5138)","Mas de Moreno (Foz-Calanda, Teruel, Spain)","12212","storage jar","rim",FALSE,10.43,15.14,4.46,1.022,2.03,52.39,19.41,4.89,0.047,0.19,0.0251,0.0642,0.0114,0.0082,0.0088,0.0042,0.0076,0.0557,0.0128,0.018,0.0108,0.0026,1
"31","céramique","BDX15445","2012-07-11","ArAr (UMR 5138)","Mas de Moreno (Foz-Calanda, Teruel, Spain)","15205","loom weight","body",FALSE,5.57,16.43,6.27,0.948,1.98,50.15,19.82,3.06,0.0471,0.17,0.0206,0.0393,0.0109,0.0057,0.0165,0.0039,0.005,0.0393,0.0125,0.0115,0.0031,0.0026,2
"32","céramique","BDX15446","2012-07-11","ArAr (UMR 5138)","Mas de Moreno (Foz-Calanda, Teruel, Spain)","15205","storage jar","rim",FALSE,13.96,19.83,4.65,0.92,1.91,49.35,19.53,2.91,0.0357,0.15,0.02,0.054,0.0099,0.0057,0.0084,0.0035,0.0059,0.0382,0.0102,0.0114,0.0027,0.0028,2
"33","céramique","BDX15447","2012-07-11","ArAr (UMR 5138)","Mas de Moreno (Foz-Calanda, Teruel, Spain)","15205","storage jar","rim",TRUE,11.31,13.42,5.42,1.106,1.89,54.3,20.45,2.77,0.0342,0.11,0.0247,0.0499,0.0089,0.0048,0.0089,0.0033,0.0043,0.0403,0.0115,0.0108,0.0028,0.0016,2
"34","céramique","BDX15448","2012-07-11","ArAr (UMR 5138)","Mas de Moreno (Foz-Calanda, Teruel, Spain)","15205","storage jar","rim",FALSE,13.54,15.68,5.2,0.998,1.92,52.04,21.01,2.48,0.0355,0.14,0.0213,0.0579,0.01,0.0058,0.0083,0.0024,0.0047,0.0478,0.0102,0.0078,0.0027,0.0026,2
"35","céramique","BDX15449","2012-07-11","ArAr (UMR 5138)","Mas de Moreno (Foz-Calanda, Teruel, Spain)","15205","storage jar","fond",FALSE,12.03,17.48,5.19,0.969,1.86,50.81,20.57,2.64,0.0384,0.13,0.0213,0.0472,0.0102,0.0055,0.0084,0.003,0.0044,0.0376,0.0111,0.0089,0.0028,0.0028,2
"36","céramique","BDX15450","2012-07-11","ArAr (UMR 5138)","Mas de Moreno (Foz-Calanda, Teruel, Spain)","15205","pot","rim",FALSE,6.83,16.92,4.66,0.978,1.8,51.69,20.86,2.98,0.0377,0.14,0.0228,0.0393,0.01,0.005,0.008,0.0041,0.0072,0.0308,0.0111,0.0161,0.0031,0.0034,2
"37","céramique","BDX15451","2012-07-11","ArAr (UMR 5138)","Mas de Moreno (Foz-Calanda, Teruel, Spain)","15205","pot","body",TRUE,9.41,20.37,4.52,0.906,1.92,49.07,19.39,3.02,0.0387,0.15,0.0199,0.0524,0.01,0.006,0.0071,0.0031,0.0044,0.0404,0.0103,0.0117,0.0027,0.0029,2
"38","céramique","BDX15452","2012-07-11","ArAr (UMR 5138)","Mas de Moreno (Foz-Calanda, Teruel, Spain)","15205","plate","rim",TRUE,8.11,16.53,4.55,0.981,1.83,51.68,20.92,2.72,0.0355,0.14,0.0223,0.0421,0.0102,0.0053,0.008,0.0032,0.0064,0.038,0.0116,0.0137,0.0029,0.0034,2
"39","céramique","BDX15453","2012-07-11","ArAr (UMR 5138)","Mas de Moreno (Foz-Calanda, Teruel, Spain)","15205","lid","rim",TRUE,7.17,17.35,5.15,0.986,1.95,51.16,20.27,3.1,0.0417,0.17,0.023,0.0476,0.0107,0.0061,0.0081,0.0022,0.0073,0.0426,0.0105,0.0125,0.003,0.0019,2
"40","céramique","BDX15454","2012-07-11","ArAr (UMR 5138)","Mas de Moreno (Foz-Calanda, Teruel, Spain)","15205","pot","rim",FALSE,5.42,15.18,4.82,1.02,1.88,52.68,21.59,2.79,0.0358,0.17,0.0237,0.0396,0.0106,0.0057,0.0086,0.0029,0.008,0.0359,0.0114,0.0159,0.0032,0.0027,2
"41","céramique","BDX15455","2012-07-11","ArAr (UMR 5138)","Mas de Moreno (Foz-Calanda, Teruel, Spain)","15205","pot","rim",FALSE,7.11,17.58,4.9,0.964,1.95,50.5,20.37,3.06,0.0404,0.16,0.0213,0.0401,0.0107,0.0052,0.008,0.0043,0.0024,0.0336,0.0106,0.0094,0.003,0.0028,2
"42","céramique","BDX15456","2012-07-12","ArAr (UMR 5138)","Mas de Moreno (Foz-Calanda, Teruel, Spain)","15205","storage jar","rim",FALSE,9.77,15.36,4.28,1.022,2.04,52.94,19.81,3.95,0.0428,0.18,0.0249,0.0486,0.0111,0.007,0.0078,0.0038,0.01,0.042,0.0128,0.0176,0.0083,0.0027,2
"43","céramique","BDX15457","2012-07-12","ArAr (UMR 5138)","Mas de Moreno (Foz-Calanda, Teruel, Spain)","15205","cup","rim",TRUE,5.81,15.92,4.96,1.017,1.86,50.69,21.56,3.17,0.0378,0.15,0.0218,0.039,0.01,0.0051,0.0084,0.0037,0.0024,0.0359,0.0108,0.0102,0.0032,0.0023,2
"44","céramique","BDX15458","2012-07-12","ArAr (UMR 5138)","Mas de Moreno (Foz-Calanda, Teruel, Spain)","15205","cup","rim",TRUE,13.99,11.63,5.26,0.995,1.94,53.68,20.16,5.74,0.0423,0.17,0.0248,0.0752,0.0092,0.006,0.0073,0.0033,0.0085,0.0559,0.0115,0.016,0.0033,0.0033,2
"45","céramique","BDX15459","2012-07-12","ArAr (UMR 5138)","Mas de Moreno (Foz-Calanda, Teruel, Spain)","15205","cup","rim",TRUE,6.8,15.6,4.8,1.03,1.87,51.62,21.57,3,0.0388,0.15,0.0219,0.0439,0.0105,0.0052,0.0082,0.0026,0.0051,0.0433,0.0114,0.011,0.003,0.0027,2
"46","céramique","BDX15460","2012-07-12","ArAr (UMR 5138)","Mas de Moreno (Foz-Calanda, Teruel, Spain)","15227","kalathos","rim",TRUE,5.11,17.1,5.37,1.002,1.78,50.45,20.35,3.07,0.043,0.17,0.0234,0.0429,0.0103,0.0052,0.008,0.0031,0.006,0.0448,0.0083,0.0134,0.0031,0.0022,2
"47","céramique","BDX15461","2012-07-12","ArAr (UMR 5138)","Mas de Moreno (Foz-Calanda, Teruel, Spain)","15227","storage jar","rim",TRUE,9.86,16.23,5.11,0.972,1.78,51.53,19.81,3.89,0.0413,0.18,0.0236,0.056,0.0097,0.006,0.008,0.0029,0.0079,0.0587,0.0116,0.0142,0.0032,0.0025,2
"48","céramique","BDX15462","2012-07-12","ArAr (UMR 5138)","Mas de Moreno (Foz-Calanda, Teruel, Spain)","15227","kalathos","rim",TRUE,8.04,16.03,4.91,1.001,1.59,51.34,20.66,3.77,0.039,0.18,0.0234,0.0535,0.0088,0.0054,0.0078,0.0026,0.0081,0.0489,0.0101,0.0141,0.0031,0.003,2
"49","céramique","BDX15463","2012-07-12","ArAr (UMR 5138)","Mas de Moreno (Foz-Calanda, Teruel, Spain)","15227","kalathos","rim",TRUE,5.92,16.41,5.01,0.998,1.89,51.28,20.58,3.07,0.0409,0.18,0.0236,0.0485,0.0102,0.0053,0.0075,0.0026,0.0086,0.0586,0.009,0.014,0.0032,0.0026,2
"50","céramique","BDX15464","2012-07-12","ArAr (UMR 5138)","Mas de Moreno (Foz-Calanda, Teruel, Spain)","15227","pot","rim",TRUE,5.1,16.84,5.16,0.983,1.89,51.39,20.09,3.27,0.0456,0.19,0.024,0.0473,0.0105,0.0059,0.0081,0.0026,0.0083,0.0533,0.009,0.0167,0.0032,0.0034,2
"51","céramique","BDX15465","2012-07-12","ArAr (UMR 5138)","Mas de Moreno (Foz-Calanda, Teruel, Spain)","15227","loom weight","body",FALSE,7.4,17.08,6.26,0.936,1.94,50.16,19.63,3.52,0.0476,0.18,0.0209,0.0448,0.0107,0.0062,0.0084,0.0026,0.0047,0.048,0.0114,0.0105,0.003,0.0024,2
"52","céramique","BDX15466","2012-07-12","ArAr (UMR 5138)","Mas de Moreno (Foz-Calanda, Teruel, Spain)","15227","pot","rim",TRUE,7.16,15.35,5.11,0.978,1.74,52.1,19.85,3.84,0.0419,0.21,0.024,0.0591,0.0093,0.0056,0.0075,0.0032,0.0095,0.0561,0.0093,0.0139,0.0032,0.0032,2
"53","céramique","BDX15467","2012-07-13","ArAr (UMR 5138)","Mas de Moreno (Foz-Calanda, Teruel, Spain)","15227","plate","rim",TRUE,10.77,14.06,5.23,1.001,1.74,52.37,20.27,4.67,0.0424,0.17,0.0243,0.0645,0.0091,0.006,0.0079,0.0028,0.0067,0.0731,0.0111,0.0138,0.0031,0.0028,2
"54","céramique","BDX15468","2012-07-13","ArAr (UMR 5138)","Mas de Moreno (Foz-Calanda, Teruel, Spain)","15227","cup","rim",TRUE,12.26,17,4.66,0.971,1.76,52.12,20.2,2.54,0.0409,0.16,0.024,0.0559,0.0094,0.0059,0.0088,0.003,0.0044,0.0824,0.0116,0.0097,0.0034,0.0015,2
"55","céramique","BDX15469","2012-07-13","ArAr (UMR 5138)","Mas de Moreno (Foz-Calanda, Teruel, Spain)","15227","cup","rim",TRUE,5.25,13.21,4.23,1.132,1.65,54.39,22.29,2.43,0.0357,0.12,0.0242,0.0407,0.0096,0.0043,0.0086,0.0028,0.0041,0.0479,0.0109,0.0074,0.0031,0.0014,2
"56","céramique","BDX15470","2012-07-13","ArAr (UMR 5138)","Mas de Moreno (Foz-Calanda, Teruel, Spain)","15227","cup","rim",TRUE,3.24,15.55,5.39,1.014,2,51.62,20.66,3.32,0.0447,0.18,0.0239,0.0448,0.0111,0.0059,0.0075,0.003,0.0073,0.0517,0.0094,0.013,0.0032,0.0022,2
"57","céramique","BDX15471","2012-07-13","ArAr (UMR 5138)","Mas de Moreno (Foz-Calanda, Teruel, Spain)","15227","lid","rim",TRUE,6.82,17.38,5.15,0.987,1.91,50.86,20.19,3.07,0.0428,0.18,0.0231,0.0451,0.0107,0.006,0.0083,0.0038,0.0084,0.0548,0.0097,0.0126,0.0034,0.0022,2
"58","céramique","BDX15472","2012-07-13","ArAr (UMR 5138)","Mas de Moreno (Foz-Calanda, Teruel, Spain)","15227","cup","rim",TRUE,7.95,16.56,5.21,0.993,1.71,51.46,20.37,3.39,0.0411,0.16,0.023,0.0494,0.0095,0.0054,0.0075,0.003,0.0059,0.0476,0.0086,0.0145,0.003,0.0027,2
"59","céramique","BDX15473","2012-07-13","ArAr (UMR 5138)","Mas de Moreno (Foz-Calanda, Teruel, Spain)","15227","kalathos","rim",TRUE,16.71,16.25,5.14,0.994,1.66,51.87,19.45,3.82,0.0408,0.15,0.023,0.0766,0.0087,0.0053,0.0062,0.0027,0.0038,0.0889,0.0092,0.009,0.0026,0.002,2
"60","céramique","BDX15474","2012-07-13","ArAr (UMR 5138)","Mas de Moreno (Foz-Calanda, Teruel, Spain)","15227","cup","rim",TRUE,8.91,14.57,5.1,1.017,1.56,51.7,20.87,4.16,0.0355,0.17,0.0241,0.0618,0.0089,0.0056,0.0081,0.0028,0.0084,0.0725,0.0104,0.014,0.0033,0.0025,2
"61","céramique","BDX15640","2014-07-01","ArAr (UMR 5138)","Mas de Moreno (Foz-Calanda, Teruel, Spain)","13138","amphorae","neck",FALSE,7.05,16.94,5.61,0.993,1.83,50.04,20.16,3.39,0.0378,0.2,0.0212,0.0468,0.0098,0.005,0.0091,0.0026,0.0037,0.037,0.0102,0.0096,0.0027,0.0017,3
"62","céramique","BDX15641","2013-09-06","ArAr (UMR 5138)","Mas de Moreno (Foz-Calanda, Teruel, Spain)","13138","amphorae","neck",FALSE,15.19,16.93,4.44,1.022,2.01,52.48,19.51,2.39,0.0364,0.14,0.0203,0.0684,0.0103,0.0055,0.0082,0.0034,0.0084,0.0461,0.0105,0.0164,0.0029,0.0015,3
"63","céramique","BDX15642","2013-09-06","ArAr (UMR 5138)","Mas de Moreno (Foz-Calanda, Teruel, Spain)","13169","unknown","rim",FALSE,7.35,18.64,4.58,0.997,2.09,50.55,19.54,3.51,0.0426,0.16,0.0208,0.0486,0.0106,0.0059,0.0085,0.0041,0.0068,0.0368,0.0112,0.013,0.0032,0.002,3
"64","céramique","BDX15643","2013-09-06","ArAr (UMR 5138)","Mas de Moreno (Foz-Calanda, Teruel, Spain)","13169","storage jar","rim",FALSE,10.97,19.5,4.59,0.912,2,49.45,19.79,3.2,0.0412,0.13,0.0193,0.0364,0.0103,0.0054,0.0077,0.003,0.0047,0.029,0.0107,0.01,0.0029,0.0032,3
"65","céramique","BDX15644","2013-09-06","ArAr (UMR 5138)","Mas de Moreno (Foz-Calanda, Teruel, Spain)","13169","lid","rim",TRUE,24.17,18.3,4.7,1.02,1.91,50.68,19.3,3.42,0.0397,0.16,0.0221,0.0399,0.0105,0.0053,0.0081,0.003,0.0089,0.0295,0.0122,0.018,0.0031,0.0016,3
"66","céramique","BDX15645","2014-07-01","ArAr (UMR 5138)","Mas de Moreno (Foz-Calanda, Teruel, Spain)","13169","kalathos","rim",TRUE,5.46,15.21,5.52,1.049,1.99,51.16,21.71,2.91,0.0418,0.15,0.0218,0.0356,0.0107,0.0051,0.0095,0.0027,0.0046,0.031,0.0103,0.0083,0.0028,0.0018,3
"67","céramique","BDX15646","2013-09-06","ArAr (UMR 5138)","Mas de Moreno (Foz-Calanda, Teruel, Spain)","13169","jar","rim",FALSE,7.51,17.94,4.95,1.028,1.87,50.73,19.32,3.25,0.0408,0.15,0.0218,0.0377,0.0105,0.0057,0.0083,0.0027,0.0069,0.0296,0.0118,0.0169,0.0031,0.0012,3
"68","céramique","BDX15647","2013-09-06","ArAr (UMR 5138)","Mas de Moreno (Foz-Calanda, Teruel, Spain)","13169","kalathos","rim",TRUE,6.36,16.2,4.86,1.022,1.92,52.81,20.17,2.87,0.0393,0.15,0.0234,0.0377,0.0106,0.0055,0.0082,0.004,0.008,0.0328,0.0116,0.0164,0.004,0.0017,3
"69","céramique","BDX15648","2013-09-06","ArAr (UMR 5138)","Mas de Moreno (Foz-Calanda, Teruel, Spain)","13169","storage jar","rim",FALSE,7.17,22.56,4.52,0.905,1.88,47.68,18.01,3.45,0.0436,0.16,0.0205,0.0369,0.0101,0.0058,0.0073,0.0031,0.0075,0.034,0.0097,0.017,0.0038,0.0014,3
"70","céramique","BDX15649","2013-09-06","ArAr (UMR 5138)","Mas de Moreno (Foz-Calanda, Teruel, Spain)","13169","cup","rim",FALSE,6.54,16.1,4.96,1.039,2.06,51.49,21.05,2.88,0.0374,0.14,0.0218,0.0371,0.0119,0.0043,0.0089,0.0034,0.0064,0.0327,0.0112,0.0109,0.0028,0.0024,3
"71","céramique","BDX15650","2013-09-06","ArAr (UMR 5138)","Mas de Moreno (Foz-Calanda, Teruel, Spain)","13169","jar","rim",FALSE,7.05,18.14,4.93,1.044,1.95,51.01,19.62,3.19,0.0403,0.16,0.0225,0.0406,0.0112,0.0057,0.0087,0.0024,0.0097,0.0399,0.0116,0.0188,0.0034,0.0018,3
"72","céramique","BDX15651","2013-09-06","ArAr (UMR 5138)","Mas de Moreno (Foz-Calanda, Teruel, Spain)","13169","storage jar","rim",TRUE,8.26,18.02,4.88,1.025,1.95,50.73,19.31,3.25,0.0407,0.16,0.0216,0.0399,0.0109,0.0056,0.0088,0.0031,0.0077,0.0321,0.0119,0.0161,0.0033,0.0023,3
"73","céramique","BDX15652","2013-09-07","ArAr (UMR 5138)","Mas de Moreno (Foz-Calanda, Teruel, Spain)","13169","kalathos","rim",TRUE,6.73,16.06,5.84,1.006,1.79,50.34,21.14,3.24,0.0391,0.13,0.0208,0.0377,0.0101,0.005,0.0087,0.0017,0.0048,0.031,0.0113,0.0104,0.0027,0.0015,3
"74","céramique","BDX15653","2013-09-07","ArAr (UMR 5138)","Mas de Moreno (Foz-Calanda, Teruel, Spain)","13169","unknown","rim",FALSE,5.85,14.3,5.79,1.035,1.8,51.8,21.46,3.04,0.0379,0.12,0.0212,0.0348,0.0104,0.0048,0.0088,0.0027,0.0057,0.0346,0.0124,0.0066,0.0025,0.0016,3
"75","céramique","BDX15654","2013-09-07","ArAr (UMR 5138)","Mas de Moreno (Foz-Calanda, Teruel, Spain)","13169","kalathos","rim",TRUE,5.8,15.04,5.37,1.024,1.92,50.93,21.66,2.93,0.0399,0.13,0.0204,0.0361,0.0104,0.0047,0.0088,0.0024,0.0044,0.0318,0.0115,0.0094,0.0028,0.0014,3
"76","céramique","BDX15655","2013-09-09","ArAr (UMR 5138)","Mas de Moreno (Foz-Calanda, Teruel, Spain)","21041","unknown","body",FALSE,4.83,11.45,6.07,1.122,1.87,52.81,23.41,2.67,0.0338,0.12,0.022,0.0351,0.0098,0.0044,0.0106,0.0022,0.0044,0.0307,0.013,0.0082,0.0028,0.002,3
"77","céramique","BDX15656","2013-09-09","ArAr (UMR 5138)","Mas de Moreno (Foz-Calanda, Teruel, Spain)","21041","cup","rim",TRUE,4.94,13.16,6.02,1.077,1.93,52.19,22.46,2.84,0.0355,0.13,0.021,0.0358,0.0108,0.0047,0.0099,0.0019,0.0039,0.0329,0.014,0.0081,0.0027,0.0013,3
"78","céramique","BDX15657","2013-09-09","ArAr (UMR 5138)","Mas de Moreno (Foz-Calanda, Teruel, Spain)","21041","unknown","rim",FALSE,6.75,16.1,5.32,0.91,2.14,50.37,20.57,3.74,0.0477,0.19,0.0185,0.0571,0.0112,0.0072,0.0084,0.0032,0.0046,0.0544,0.0116,0.0124,0.0031,0.0037,3
"79","céramique","BDX15658","2013-09-09","ArAr (UMR 5138)","Mas de Moreno (Foz-Calanda, Teruel, Spain)","13169","tile","body",FALSE,7.13,16.45,5.34,0.911,2.09,50.44,20.49,3.61,0.0472,0.2,0.0183,0.0619,0.0112,0.0072,0.0086,0.0034,0.0054,0.0447,0.0112,0.0108,0.003,0.0035,3
"80","céramique","BDX15659","2013-09-09","ArAr (UMR 5138)","Mas de Moreno (Foz-Calanda, Teruel, Spain)","13169","tile","body",FALSE,9.28,15.77,5.27,0.953,1.93,50.14,21.32,3.73,0.0448,0.17,0.0187,0.061,0.0101,0.0064,0.0077,0.0039,0.0069,0.0428,0.0108,0.0137,0.0033,0.0033,3
"81","céramique","BDX15660","2013-09-09","ArAr (UMR 5138)","Mas de Moreno (Foz-Calanda, Teruel, Spain)","21041","cup","body",TRUE,5.53,17.81,5.3,0.907,2.05,49.44,20.46,3.72,0.05,0.18,0.0187,0.0468,0.0115,0.007,0.0089,0.0035,0.0057,0.0438,0.0114,0.0117,0.0032,0.0033,3
"82","céramique","BDX15661","2013-09-09","ArAr (UMR 5138)","Mas de Moreno (Foz-Calanda, Teruel, Spain)","21041","cup","rim",TRUE,6.84,16.32,5.38,1.004,1.86,49.9,21.13,3.17,0.0432,0.19,0.02,0.0471,0.0102,0.0061,0.0091,0.0041,0.0054,0.0404,0.012,0.0123,0.0027,0.0023,3
"83","céramique","BDX15662","2013-09-09","ArAr (UMR 5138)","Mas de Moreno (Foz-Calanda, Teruel, Spain)","21041","cup","rim",FALSE,9.21,16.56,5.29,0.96,2,50.21,20.49,2.74,0.0447,0.17,0.0192,0.0536,0.0104,0.0061,0.0085,0.0028,0.0057,0.0641,0.0099,0.0096,0.0027,0.0025,3
"84","céramique","BDX15663","2013-09-09","ArAr (UMR 5138)","Mas de Moreno (Foz-Calanda, Teruel, Spain)","21041","loom weight","body",FALSE,5.77,12.84,5.39,1.066,1.72,54.48,21.15,2.55,0.0355,0.16,0.0235,0.0458,0.0093,0.005,0.0089,0.0027,0.0058,0.043,0.0103,0.0102,0.003,0.0024,3
"85","céramique","BDX15664","2013-09-09","ArAr (UMR 5138)","Mas de Moreno (Foz-Calanda, Teruel, Spain)","21041","pot","rim",FALSE,3.52,16.25,5.29,0.923,2.16,50.42,20.93,3.85,0.0511,0.21,0.0186,0.0443,0.0119,0.0074,0.0086,0.0038,0.0056,0.0426,0.0112,0.0117,0.003,0.0026,3
"86","céramique","BDX15665","2013-09-09","ArAr (UMR 5138)","Mas de Moreno (Foz-Calanda, Teruel, Spain)","21041","cup","body",TRUE,7.37,15.95,4.8,0.966,1.95,50.52,21.23,3.77,0.0413,0.16,0.0191,0.0465,0.0105,0.0063,0.0087,0.0036,0.005,0.0422,0.0122,0.0098,0.0031,0.0025,3
"87","céramique","BDX15666","2013-09-10","ArAr (UMR 5138)","Mas de Moreno (Foz-Calanda, Teruel, Spain)","21041","storage jar","rim",FALSE,6.09,13.93,4.63,1.087,1.74,52.74,22.73,2.66,0.034,0.16,0.0216,0.0493,0.0099,0.0047,0.0087,0.0031,0.0057,0.0356,0.0106,0.0107,0.0028,0.0023,3
"88","céramique","BDX15667","2013-09-10","ArAr (UMR 5138)","Mas de Moreno (Foz-Calanda, Teruel, Spain)","21041","storage jar","rim",FALSE,7.02,15.12,5.23,1.051,1.86,51.75,21.38,2.78,0.0409,0.19,0.0214,0.0486,0.0102,0.0056,0.0088,0.0031,0.0042,0.0497,0.0108,0.0101,0.003,0.0019,3
"89","céramique","BDX15668","2013-09-10","ArAr (UMR 5138)","Mas de Moreno (Foz-Calanda, Teruel, Spain)","21041","cup","rim",TRUE,4.92,16.08,5.28,0.981,1.84,49.89,21.08,3.39,0.045,0.17,0.02,0.0376,0.0101,0.0059,0.0089,0.0033,0.0071,0.0366,0.0114,0.0122,0.0028,0.0025,3
"90","céramique","BDX15669","2013-09-10","ArAr (UMR 5138)","Mas de Moreno (Foz-Calanda, Teruel, Spain)","21041","goblet","rim",FALSE,8.19,14.78,5.28,1.056,1.79,51.93,21.25,3.43,0.0379,0.17,0.0208,0.0597,0.0093,0.0053,0.0088,0.0029,0.0067,0.0435,0.0118,0.0103,0.0028,0.0024,3
"91","céramique","BDX17435","2016-04-29","ArAr (UMR 5138)","Mas de Moreno (Foz-Calanda, Teruel, Spain)","12138","storage jar","body",FALSE,0.85,15.536663806868,4.14,1.02633257574538,1.84666064255935,52.0099897455597,20.4333295275075,3.08332973232272,0.041066477125444,0.18,0.0249666221231926,0.0291,0.0107,0.0053,0.0100332228354209,0.00326632418085569,0.00775770998250509,0.0338324120423958,0.010566247809306,0.0182647694289915,0.00446641665886148,0.00329898958964903,1
"92","céramique","BDX17434","2016-04-29","ArAr (UMR 5138)","Mas de Moreno (Foz-Calanda, Teruel, Spain)","12138","storage jar","body",FALSE,0.77,15.5533326190476,4.09,1.00999966996689,1.83,51.613330534421,20.2099983506514,3.08332973232272,0.0411331443914197,0.18,0.0239666202629044,0.0278666267624051,0.0103665592546617,0.0052,0.0103996794773012,0.00306630167888894,0.00856456939344557,0.0340905911669745,0.0104281902835439,0.0227663245550905,0.00433307822298285,0.00276626177523507,1
"93","céramique","BDX17433","2016-04-28","ArAr (UMR 5138)","Mas de Moreno (Foz-Calanda, Teruel, Spain)","15227","common ware","body",FALSE,0.75,16.4733326589335,4.35,0.991999663978381,1.94,50.2433317854093,21.1399984232102,2.99332962413197,0.0400333055940716,0.19,0.0228332847187888,0.0313,0.0102996763652358,0.00413306594408553,0.00936654775976226,0.00363209470633521,0.0084988325963063,0.0342972650937274,0.0109320048042035,0.0183666060972037,0.00283294419876877,0.00359907383582226,2
"94","céramique","BDX17432","2016-04-28","ArAr (UMR 5138)","Mas de Moreno (Foz-Calanda, Teruel, Spain)","15227","cup","body",FALSE,1.5,16.7233286833611,5.5,1.00399966799458,1.23,49.3466495564399,20.5033165429284,3.4,0.0436997715149502,0.22,0.0219666160336904,0.0323666323141902,0.0096,0.0054,0.00943285994730479,0.00309892435799831,0.00557068009105495,0.039566132659855,0.0103319271991152,0.0147970897613516,0.0027,0.00263161596439158,2
"95","céramique","BDX17431","2016-04-28","ArAr (UMR 5138)","Mas de Moreno (Foz-Calanda, Teruel, Spain)","15227","cup","body",FALSE,1.87,15.7733305148438,5.68,1.04033290593715,2.09,49.8633170725523,20.6833198960804,3.38,0.045199926253567,0.21,0.0228,0.034566538255487,0.0113665687230041,0.00636649153263423,0.0101665571369848,0.0033990193250105,0.00616595105729001,0.0383628302436195,0.00929856608716842,0.0120593128308065,0.00286513950266268,0.00313189411293509,2
"96","céramique","BDX17430","2016-04-28","ArAr (UMR 5138)","Mas de Moreno (Foz-Calanda, Teruel, Spain)","15227","common ware","body",FALSE,1.18,18.5999982078851,5.14,0.895666542581783,1.57,48.8133235427831,19.6099983001868,3.32666332441881,0.0457997813405272,0.19,0.0218,0.0327,0.0104665602830862,0.0053,0.0088,0.0034,0.00953286493642523,0.0373659254785598,0.00969896187565092,0.0217656952815094,0.00279880901729571,0.00256622994387314,2
"97","céramique","BDX17429","2016-04-28","ArAr (UMR 5138)","Mas de Moreno (Foz-Calanda, Teruel, Spain)","15227","cup","rim",FALSE,2.13,15.6533326236101,5.55333133333293,1.01133289367616,2.13,49.7299979888717,20.5966628898526,3.39666339334249,0.0450331607428524,0.24,0.0228,0.0359999074071693,0.0116665712463851,0.00623315571063597,0.00913284432117568,0.00343301177327962,0.00578443109566138,0.0382966213527543,0.00913174118741435,0.0130275549651089,0.00283294419876877,0.00296628928134495,2
"98","céramique","BDX17428","2016-04-27","ArAr (UMR 5138)","Mas de Moreno (Foz-Calanda, Teruel, Spain)","15227","cup","body",FALSE,1.37,16.776664018186,5.55333133333293,1.00266655582649,1.33665834024314,48.9033317429974,20.3799885460451,3.43333009917899,0.0464330218512147,0.2,0.0228332847187888,0.0313998938425286,0.0109,0.00566646981246183,0.00946654901879405,0.00306630167888894,0.00544469084296803,0.036965826494021,0.0101986926428978,0.013729819431733,0.0027,0.00276626177523507,2
"99","céramique","BDX22203","2016-04-30","ArAr (UMR 5138)","Mas de Moreno (Foz-Calanda, Teruel, Spain)","15227","cup","body",FALSE,0.64,13.9733325382944,5.07,1.12766656811537,1.55,51.1133089926028,23.0566575091773,2.63332911747798,0.0323666323141902,0.126577345461767,0.023,0.0260332906893713,0.00903321063302274,0.00416639856052673,0.00986655379913092,0.00333300218932641,0.00492847504837481,0.0285631226332517,0.0109990963444991,0.0104306418786308,0.00276626177523507,0.0027329300746881,2
"100","terre crue","BDX14914","2012-03-07","ArAr (UMR 5138)",NA,"15312","unknown","rim",NA,19.48,17.17,4.73,0.999,1.71,51.16,20.66,2.85,0.0366,0.17,0.0243,0.0251,0.0106,0.0052,0.0088,0.0036,0.0056,0.0298,0.0127,0.0105,0.0034,0.0014,2
"101","terre crue","BDX14915","2012-03-07","ArAr (UMR 5138)",NA,"15312","unknown","body",NA,18.89,16.98,4.96,0.974,1.61,50.8,19.51,3.46,0.0387,0.17,0.0237,0.0236,0.0093,0.004,0.009,0.0046,0.0051,0.0289,0.0121,0.0114,0.0033,0.0011,2
"102","terre crue","BDX14916","2012-03-07","ArAr (UMR 5138)",NA,"15312","unknown","rim",NA,20.65,20.71,4.25,0.911,1.65,48.09,19.68,2.94,0.0334,0.19,0.0214,0.027,0.0095,0.0044,0.0087,0.0052,0.0024,0.029,0.0122,0.0147,0.0031,0.0013,2
"103","terre crue","BDX14917","2012-03-07","ArAr (UMR 5138)",NA,"15312","kalathos","rim",NA,18.76,17.17,4.64,1.007,1.71,51.34,20.89,2.88,0.0373,0.19,0.0242,0.0254,0.0104,0.0058,0.0085,0.0028,0.0057,0.0286,0.0114,0.0099,0.0037,0.0013,2
"104","terre crue","BDX14918","2012-03-07","ArAr (UMR 5138)",NA,"15312","unknown","body",NA,18.91,17.33,4.56,0.997,1.69,51.1,20.69,2.86,0.0394,0.22,0.024,0.0257,0.0104,0.0058,0.0086,0.003,0.0075,0.0299,0.012,0.0115,0.0037,0.0012,2
"105","terre crue","BDX14919","2012-03-07","ArAr (UMR 5138)",NA,"15312","unknown","handle",NA,20.15,19.46,4.39,0.947,1.72,49.44,20.14,2.94,0.0373,0.15,0.023,0.027,0.0107,0.0052,0.0082,0.0019,0.006,0.0282,0.0115,0.0105,0.0032,0.0012,2
"106","terre crue","BDX14920","2012-03-07","ArAr (UMR 5138)",NA,"15312","unknown","body",NA,18.52,16.52,4.8,1.022,1.74,51.66,21.09,2.87,0.0364,0.17,0.0244,0.0242,0.0106,0.0053,0.0089,0.0022,0.0065,0.0312,0.0121,0.0114,0.0034,0.0016,2
"107","terre crue","BDX14921","2012-03-08","ArAr (UMR 5138)",NA,"15312","unknown","floor",NA,18.32,16.5,4.66,1.017,1.72,51.9,20.97,2.88,0.0385,0.23,0.0246,0.0247,0.0106,0.0056,0.0092,0.0022,0.0045,0.0313,0.0122,0.0109,0.0038,0.0016,2
"108","terre crue","BDX14922","2012-03-08","ArAr (UMR 5138)",NA,"15312","unknown","handle",NA,20.69,21.32,4.3,0.926,1.69,48.31,19.7,2.93,0.0328,0.14,0.0224,0.0272,0.0104,0.0055,0.0081,0.002,0.0039,0.0299,0.0112,0.0098,0.0029,0.0014,2
"109","terre crue","BDX14923","2012-03-08","ArAr (UMR 5138)",NA,"15312","unknown","body",NA,18.64,16.51,4.81,1.019,1.72,51.42,20.85,2.88,0.0334,0.2,0.0247,0.0248,0.0106,0.0057,0.0089,0.003,0.0049,0.0286,0.0122,0.0106,0.0035,0.0014,2
"110","terre crue","BDX14924","2012-03-08","ArAr (UMR 5138)",NA,"15312","unknown","body",NA,18.64,16.78,4.64,1.007,1.73,51.66,20.85,2.92,0.0322,0.27,0.0244,0.0257,0.0111,0.0058,0.0085,0.0027,0.0055,0.0295,0.012,0.0084,0.0035,0.0019,2
"111","terre crue","BDX14925","2012-03-08","ArAr (UMR 5138)",NA,"15312","unknown","body",NA,18.53,16.66,4.81,1.019,1.7,51.33,20.84,2.87,0.0398,0.25,0.0245,0.0283,0.0105,0.0057,0.009,0.0016,0.0034,0.0331,0.0128,0.0087,0.0035,0.0017,2
"112","terre crue","BDX14926","2012-03-08","ArAr (UMR 5138)",NA,"15312","unknown","body",NA,19.92,19.63,4.88,0.935,1.75,49.39,19.35,3.29,0.0385,0.16,0.0222,0.0298,0.0103,0.0052,0.0083,0.0022,0.0075,0.0259,0.0136,0.0157,0.0031,0.0017,2
"113","terre crue","BDX15030","2012-03-08","ArAr (UMR 5138)",NA,"15205","loom weight","body",NA,19.99,19.33,4.01,0.951,1.7,50.61,19.93,2.88,0.0369,0.13,0.0246,0.0238,0.0108,0.0052,0.0085,0.0023,0.006,0.0272,0.0112,0.0101,0.0036,0.0015,2
"114","terre crue","BDX15031","2012-03-08","ArAr (UMR 5138)",NA,"15205","loom weight","body",NA,20.59,20.62,4,0.921,1.72,49.91,19.37,2.95,0.041,0.14,0.024,0.0246,0.0106,0.0054,0.0082,0.0027,0.0034,0.0276,0.0114,0.0133,0.0033,0.0015,2
